Workbook

Sheet Tracker
A1: JKLC Daily Tracking Report
U2: 80 | V2: 90
K3: Mode Of Tracking | M3: Track Health % | R3: Deviate Remark
A4: Plant | B4: COMPLETED | C4: Enroute | D4: Trips Not Created | E4: Total | F4: TRACKED | G4: UNTRACKED | H4: Total | I4: Tracked % | J4: UNTRACKED% | K4: AT FIX | L4: Sim | M4: Greater than 80 & Less than equal to 90 | N4: Greater than 90 | O4: Trips>80&<=90 | P4: > 90% | Q4: Total | R4: At Destination | S4: Backward Deviated | T4: Forward Deviated
A5: JKLC Cuttack | B5: =COUNTIFS(MTR!$G:$G,Tracker!$A$5,MTR!$C:$C,Tracker!$B$4) -> 0 | C5: =COUNTIFS(MTR!$G:$G,Tracker!$A$5,MTR!$C:$C,Tracker!$C$4) -> 0 | D5: 1 | E5: =SUM(B5:D5) -> 1 | F5: =COUNTIFS(MTR!$G:$G,Tracker!$A$5,MTR!$C:$C,Tracker!$B$4,MTR!$AB:$AB,Tracker!$F$4) -> 0 | G5: =COUNTIFS(MTR!$G:$G,Tracker!$A$5,MTR!$C:$C,Tracker!$B$4,MTR!$AB:$AB,Tracker!$G$4) -> 0 | H5: =SUM(F5:G5) -> 0 | I5: =COUNTIFS(MTR!$G:$G,Tracker!$A$5,MTR!$C:$C,Tracker!$B$4,MTR!$AB:$AB,Tracker!$F$4)/COUNTIFS(MTR!$G:$G,Tracker!$A$5,MTR!$C:$C,Tracker!$B$4) -> #DIV/0! | J5: =COUNTIFS(MTR!$G:$G,Tracker!$A$5,MTR!$C:$C,Tracker!$B$4,MTR!$AB:$AB,Tracker!$G$4)/COUNTIFS(MTR!$G:$G,Tracker!$A$5,MTR!$C:$C,Tracker!$B$4) -> #DIV/0! | K5: =COUNTIFS(MTR!$G:$G,Tracker!$A$5,MTR!$C:$C,Tracker!$B$4,MTR!$AB:$AB,Tracker!$F$4,MTR!$R:$R,Tracker!$K$4)/COUNTIFS(MTR!$G:$G,Tracker!$A$5,MTR!$C:$C,Tracker!$B$4,MTR!$AB:$AB,Tracker!$F$4) -> #DIV/0! | L5: =COUNTIFS(MTR!$G:$G,Tracker!$A$5,MTR!$C:$C,Tracker!$B$4,MTR!$AB:$AB,Tracker!$F$4,MTR!$R:$R,Tracker!$L$4)/COUNTIFS(MTR!$G:$G,Tracker!$A$5,MTR!$C:$C,Tracker!$B$4,MTR!$AB:$AB,Tracker!$F$4) -> #DIV/0! | M5: =COUNTIFS(MTR!$G:$G,Tracker!$A$5,MTR!$C:$C,Tracker!$B$4,MTR!$AB:$AB,Tracker!$F$4,MTR!$T:$T,Tracker!$U$2) -> 0 | N5: =COUNTIFS(MTR!$G:$G,Tracker!$A$5,MTR!$C:$C,Tracker!$B$4,MTR!$AB:$AB,Tracker!$F$4,MTR!$T:$T,Tracker!$V$2) -> 0 | O5: =COUNTIFS(MTR!$G:$G,Tracker!$A$5,MTR!$C:$C,Tracker!$B$4,MTR!$AB:$AB,Tracker!$F$4,MTR!$T:$T,Tracker!$U$2)/COUNTIFS(MTR!$G:$G,Tracker!$A$5,MTR!$C:$C,Tracker!$B$4,MTR!$AB:$AB,Tracker!$F$4) -> #DIV/0! | P5: =COUNTIFS(MTR!$G:$G,Tracker!$A$5,MTR!$C:$C,Tracker!$B$4,MTR!$AB:$AB,Tracker!$F$4,MTR!$T:$T,Tracker!$V$2)/COUNTIFS(MTR!$G:$G,Tracker!$A$5,MTR!$C:$C,Tracker!$B$4,MTR!$AB:$AB,Tracker!$F$4) -> #DIV/0! | Q5: =SUM(O5:P5) -> #DIV/0! | R5: =COUNTIFS(MTR!$G:$G,Tracker!$A$5,MTR!$C:$C,Tracker!$B$4,MTR!$AB:$AB,Tracker!$F$4,MTR!$AF:$AF,Tracker!$R$4) -> 0 | S5: =COUNTIFS(MTR!$G:$G,Tracker!$A$5,MTR!$C:$C,Tracker!$B$4,MTR!$AB:$AB,Tracker!$F$4,MTR!$AF:$AF,Tracker!$S$4) -> 0 | T5: =COUNTIFS(MTR!$G:$G,Tracker!$A$5,MTR!$C:$C,Tracker!$B$4,MTR!$AB:$AB,Tracker!$F$4,MTR!$AF:$AF,Tracker!$T$4) -> 0
A6: JKLC Durg | B6: =COUNTIFS(MTR!$G:$G,Tracker!$A$6,MTR!$C:$C,Tracker!$B$4) -> 0 | C6: =COUNTIFS(MTR!$G:$G,Tracker!$A$6,MTR!$C:$C,Tracker!$C$4) -> 0 | D6: 3 | E6: =SUM(B6:D6) -> 3 | F6: =COUNTIFS(MTR!$G:$G,Tracker!$A$6,MTR!$C:$C,Tracker!$B$4,MTR!$AB:$AB,Tracker!$F$4) -> 0 | G6: =COUNTIFS(MTR!$G:$G,Tracker!$A$6,MTR!$C:$C,Tracker!$B$4,MTR!$AB:$AB,Tracker!$G$4) -> 0 | H6: =SUM(F6:G6) -> 0 | I6: =COUNTIFS(MTR!$G:$G,Tracker!$A$6,MTR!$C:$C,Tracker!$B$4,MTR!$AB:$AB,Tracker!$F$4)/COUNTIFS(MTR!$G:$G,Tracker!$A$6,MTR!$C:$C,Tracker!$B$4) -> #DIV/0! | J6: =COUNTIFS(MTR!$G:$G,Tracker!$A$6,MTR!$C:$C,Tracker!$B$4,MTR!$AB:$AB,Tracker!$G$4)/COUNTIFS(MTR!$G:$G,Tracker!$A$6,MTR!$C:$C,Tracker!$B$4) -> #DIV/0! | K6: =COUNTIFS(MTR!$G:$G,Tracker!$A$6,MTR!$C:$C,Tracker!$B$4,MTR!$AB:$AB,Tracker!$F$4,MTR!$R:$R,Tracker!$K$4)/COUNTIFS(MTR!$G:$G,Tracker!$A$6,MTR!$C:$C,Tracker!$B$4,MTR!$AB:$AB,Tracker!$F$4) -> #DIV/0! | L6: =COUNTIFS(MTR!$G:$G,Tracker!$A$6,MTR!$C:$C,Tracker!$B$4,MTR!$AB:$AB,Tracker!$F$4,MTR!$R:$R,Tracker!$L$4)/COUNTIFS(MTR!$G:$G,Tracker!$A$6,MTR!$C:$C,Tracker!$B$4,MTR!$AB:$AB,Tracker!$F$4) -> #DIV/0! | M6: =COUNTIFS(MTR!$G:$G,Tracker!$A$6,MTR!$C:$C,Tracker!$B$4,MTR!$AB:$AB,Tracker!$F$4,MTR!$T:$T,Tracker!$U$2) -> 0 | N6: =COUNTIFS(MTR!$G:$G,Tracker!$A$6,MTR!$C:$C,Tracker!$B$4,MTR!$AB:$AB,Tracker!$F$4,MTR!$T:$T,Tracker!$V$2) -> 0 | O6: =COUNTIFS(MTR!$G:$G,Tracker!$A$6,MTR!$C:$C,Tracker!$B$4,MTR!$AB:$AB,Tracker!$F$4,MTR!$T:$T,Tracker!$U$2)/COUNTIFS(MTR!$G:$G,Tracker!$A$6,MTR!$C:$C,Tracker!$B$4,MTR!$AB:$AB,Tracker!$F$4) -> #DIV/0! | P6: =COUNTIFS(MTR!$G:$G,Tracker!$A$6,MTR!$C:$C,Tracker!$B$4,MTR!$AB:$AB,Tracker!$F$4,MTR!$T:$T,Tracker!$V$2)/COUNTIFS(MTR!$G:$G,Tracker!$A$6,MTR!$C:$C,Tracker!$B$4,MTR!$AB:$AB,Tracker!$F$4) -> #DIV/0! | Q6: =SUM(O6:P6) -> #DIV/0! | R6: =COUNTIFS(MTR!$G:$G,Tracker!$A$6,MTR!$C:$C,Tracker!$B$4,MTR!$AB:$AB,Tracker!$F$4,MTR!$AF:$AF,Tracker!$R$4) -> 0 | S6: =COUNTIFS(MTR!$G:$G,Tracker!$A$6,MTR!$C:$C,Tracker!$B$4,MTR!$AB:$AB,Tracker!$F$4,MTR!$AF:$AF,Tracker!$S$4) -> 0 | T6: =COUNTIFS(MTR!$G:$G,Tracker!$A$6,MTR!$C:$C,Tracker!$B$4,MTR!$AB:$AB,Tracker!$F$4,MTR!$AF:$AF,Tracker!$T$4) -> 0
A7: JKLC Jharli | B7: =COUNTIFS(MTR!$G:$G,Tracker!$A$7,MTR!$C:$C,Tracker!$B$4) -> 0 | C7: =COUNTIFS(MTR!$G:$G,Tracker!$A$7,MTR!$C:$C,Tracker!$C$4) -> 0 | D7: 6 | E7: =SUM(B7:D7) -> 6 | F7: =COUNTIFS(MTR!$G:$G,Tracker!$A$7,MTR!$C:$C,Tracker!$B$4,MTR!$AB:$AB,Tracker!$F$4) -> 0 | G7: =COUNTIFS(MTR!$G:$G,Tracker!$A$7,MTR!$C:$C,Tracker!$B$4,MTR!$AB:$AB,Tracker!$G$4) -> 0 | H7: =SUM(F7:G7) -> 0 | I7: =COUNTIFS(MTR!$G:$G,Tracker!$A$7,MTR!$C:$C,Tracker!$B$4,MTR!$AB:$AB,Tracker!$F$4)/COUNTIFS(MTR!$G:$G,Tracker!$A$7,MTR!$C:$C,Tracker!$B$4) -> #DIV/0! | J7: =COUNTIFS(MTR!$G:$G,Tracker!$A$7,MTR!$C:$C,Tracker!$B$4,MTR!$AB:$AB,Tracker!$G$4)/COUNTIFS(MTR!$G:$G,Tracker!$A$7,MTR!$C:$C,Tracker!$B$4) -> #DIV/0! | K7: =COUNTIFS(MTR!$G:$G,Tracker!$A$7,MTR!$C:$C,Tracker!$B$4,MTR!$AB:$AB,Tracker!$F$4,MTR!$R:$R,Tracker!$K$4)/COUNTIFS(MTR!$G:$G,Tracker!$A$7,MTR!$C:$C,Tracker!$B$4,MTR!$AB:$AB,Tracker!$F$4) -> #DIV/0! | L7: =COUNTIFS(MTR!$G:$G,Tracker!$A$7,MTR!$C:$C,Tracker!$B$4,MTR!$AB:$AB,Tracker!$F$4,MTR!$R:$R,Tracker!$L$4)/COUNTIFS(MTR!$G:$G,Tracker!$A$7,MTR!$C:$C,Tracker!$B$4,MTR!$AB:$AB,Tracker!$F$4) -> #DIV/0! | M7: =COUNTIFS(MTR!$G:$G,Tracker!$A$7,MTR!$C:$C,Tracker!$B$4,MTR!$AB:$AB,Tracker!$F$4,MTR!$T:$T,Tracker!$U$2) -> 0 | N7: =COUNTIFS(MTR!$G:$G,Tracker!$A$7,MTR!$C:$C,Tracker!$B$4,MTR!$AB:$AB,Tracker!$F$4,MTR!$T:$T,Tracker!$V$2) -> 0 | O7: =COUNTIFS(MTR!$G:$G,Tracker!$A$7,MTR!$C:$C,Tracker!$B$4,MTR!$AB:$AB,Tracker!$F$4,MTR!$T:$T,Tracker!$U$2)/COUNTIFS(MTR!$G:$G,Tracker!$A$7,MTR!$C:$C,Tracker!$B$4,MTR!$AB:$AB,Tracker!$F$4) -> #DIV/0! | P7: =COUNTIFS(MTR!$G:$G,Tracker!$A$7,MTR!$C:$C,Tracker!$B$4,MTR!$AB:$AB,Tracker!$F$4,MTR!$T:$T,Tracker!$V$2)/COUNTIFS(MTR!$G:$G,Tracker!$A$7,MTR!$C:$C,Tracker!$B$4,MTR!$AB:$AB,Tracker!$F$4) -> #DIV/0! | Q7: =SUM(O7:P7) -> #DIV/0! | R7: =COUNTIFS(MTR!$G:$G,Tracker!$A$7,MTR!$C:$C,Tracker!$B$4,MTR!$AB:$AB,Tracker!$F$4,MTR!$AF:$AF,Tracker!$R$4) -> 0 | S7: =COUNTIFS(MTR!$G:$G,Tracker!$A$7,MTR!$C:$C,Tracker!$B$4,MTR!$AB:$AB,Tracker!$F$4,MTR!$AF:$AF,Tracker!$S$4) -> 0 | T7: =COUNTIFS(MTR!$G:$G,Tracker!$A$7,MTR!$C:$C,Tracker!$B$4,MTR!$AB:$AB,Tracker!$F$4,MTR!$AF:$AF,Tracker!$T$4) -> 0
A8: JKLC Surat | B8: =COUNTIFS(MTR!$G:$G,Tracker!$A$8,MTR!$C:$C,Tracker!$B$4) -> 0 | C8: =COUNTIFS(MTR!$G:$G,Tracker!$A$8,MTR!$C:$C,Tracker!$C$4) -> 0 | D8: 0 | E8: =SUM(B8:D8) -> 0 | F8: =COUNTIFS(MTR!$G:$G,Tracker!$A$8,MTR!$C:$C,Tracker!$B$4,MTR!$AB:$AB,Tracker!$F$4) -> 0 | G8: =COUNTIFS(MTR!$G:$G,Tracker!$A$8,MTR!$C:$C,Tracker!$B$4,MTR!$AB:$AB,Tracker!$G$4) -> 0 | H8: =SUM(F8:G8) -> 0 | I8: =COUNTIFS(MTR!$G:$G,Tracker!$A$8,MTR!$C:$C,Tracker!$B$4,MTR!$AB:$AB,Tracker!$F$4)/COUNTIFS(MTR!$G:$G,Tracker!$A$8,MTR!$C:$C,Tracker!$B$4) -> #DIV/0! | J8: =COUNTIFS(MTR!$G:$G,Tracker!$A$8,MTR!$C:$C,Tracker!$B$4,MTR!$AB:$AB,Tracker!$G$4)/COUNTIFS(MTR!$G:$G,Tracker!$A$8,MTR!$C:$C,Tracker!$B$4) -> #DIV/0! | K8: =COUNTIFS(MTR!$G:$G,Tracker!$A$8,MTR!$C:$C,Tracker!$B$4,MTR!$AB:$AB,Tracker!$F$4,MTR!$R:$R,Tracker!$K$4)/COUNTIFS(MTR!$G:$G,Tracker!$A$8,MTR!$C:$C,Tracker!$B$4,MTR!$AB:$AB,Tracker!$F$4) -> #DIV/0! | L8: =COUNTIFS(MTR!$G:$G,Tracker!$A$8,MTR!$C:$C,Tracker!$B$4,MTR!$AB:$AB,Tracker!$F$4,MTR!$R:$R,Tracker!$L$4)/COUNTIFS(MTR!$G:$G,Tracker!$A$8,MTR!$C:$C,Tracker!$B$4,MTR!$AB:$AB,Tracker!$F$4) -> #DIV/0! | M8: =COUNTIFS(MTR!$G:$G,Tracker!$A$8,MTR!$C:$C,Tracker!$B$4,MTR!$AB:$AB,Tracker!$F$4,MTR!$T:$T,Tracker!$U$2) -> 0 | N8: =COUNTIFS(MTR!$G:$G,Tracker!$A$8,MTR!$C:$C,Tracker!$B$4,MTR!$AB:$AB,Tracker!$F$4,MTR!$T:$T,Tracker!$V$2) -> 0 | O8: =COUNTIFS(MTR!$G:$G,Tracker!$A$8,MTR!$C:$C,Tracker!$B$4,MTR!$AB:$AB,Tracker!$F$4,MTR!$T:$T,Tracker!$U$2)/COUNTIFS(MTR!$G:$G,Tracker!$A$8,MTR!$C:$C,Tracker!$B$4,MTR!$AB:$AB,Tracker!$F$4) -> #DIV/0! | P8: =COUNTIFS(MTR!$G:$G,Tracker!$A$8,MTR!$C:$C,Tracker!$B$4,MTR!$AB:$AB,Tracker!$F$4,MTR!$T:$T,Tracker!$V$2)/COUNTIFS(MTR!$G:$G,Tracker!$A$8,MTR!$C:$C,Tracker!$B$4,MTR!$AB:$AB,Tracker!$F$4) -> #DIV/0! | Q8: =SUM(O8:P8) -> #DIV/0! | R8: =COUNTIFS(MTR!$G:$G,Tracker!$A$8,MTR!$C:$C,Tracker!$B$4,MTR!$AB:$AB,Tracker!$F$4,MTR!$AF:$AF,Tracker!$R$4) -> 0 | S8: =COUNTIFS(MTR!$G:$G,Tracker!$A$8,MTR!$C:$C,Tracker!$B$4,MTR!$AB:$AB,Tracker!$F$4,MTR!$AF:$AF,Tracker!$S$4) -> 0 | T8: =COUNTIFS(MTR!$G:$G,Tracker!$A$8,MTR!$C:$C,Tracker!$B$4,MTR!$AB:$AB,Tracker!$F$4,MTR!$AF:$AF,Tracker!$T$4) -> 0
A9: Grand Total | B9: =SUM(B5:B8) -> 0 | C9: =SUM(C5:C8) -> 0 | D9: =SUM(D5:D8) -> 10 | E9: =SUM(E5:E8) -> 10 | F9: =SUM(F5:F8) -> 0 | G9: =SUM(G5:G8) -> 0 | H9: =SUM(H5:H8) -> 0 | I9: =SUM(I5:I8)/4 -> #DIV/0! | J9: =SUM(J5:J8)/4 -> #DIV/0! | K9: =SUM(K5:K8)/4 -> #DIV/0! | L9: =SUM(L5:L8)/4 -> #DIV/0! | M9: =SUM(M5:M8) -> 0 | N9: =SUM(N5:N8) -> 0 | O9: =SUM(O5:O8)/4 -> #DIV/0! | P9: =SUM(P5:P8)/4 -> #DIV/0! | Q9: =SUM(O9:P9) -> #DIV/0! | R9: =SUM(R5:R8) -> 0 | S9: =SUM(S5:S8) -> 0 | T9: =SUM(T5:T8) -> 0

Sheet MTR
A1: Trip ID | B1: Invoice no | C1: Trips | D1: Vehicle No. | E1: Transporter | F1: Invoice Date & Time | G1: Org Location | H1: Origin Code | I1: Org Entry Time | J1: Org Exit Time | K1: Org Detention | L1: Destination | M1: Dest Reporting Time | N1: Dest Entry Time | O1: Dest Exit Time | P1: Dest Detention | Q1: Dest Delay | R1: Mode | S1: Track Health % | T1: Remarks | U1: Lead Distance | V1: GPS Distance | W1: AI Repaired Distance | X1: Lead Distance Deviation | Y1: Lead Deviation Direction | Z1: Onward Status | AA1: Stamp Status | AB1: Track Status | AC1: Destination Deviation | AD1: Destination Deviation Direction | AE1: Trip Closure Remark | AF1: Deviate Remark | AG1: Halt | AH1: Distribution Channel | AI1: SHIP TO | AJ1: SHIP TO NM | AK1: SOLD TO | AL1: SOLD TO NM | AM1: Onward TAT | AN1: Total Trip Time | AO1: Reject Reason | AP1: SHIP TO LAT | AQ1: SHIP TO LONG | AR1: Actual unloading lat | AS1: Actual unloading long | AT1: SHIP TO PIN | AU1: Actual Pin | AV1: Ship to District | AW1: Org. Lat | AX1: Org. Long | AY1: Gps Ping Count | AZ1: SIM Ping Count | BA1: Expected Ping Count | BB1: Sim + GPS Actual Ping | BC1: SIM Data Days (Trip Bill) | BD1: GPS Data Days (Trip Bill) | BE1: Trip Start Consent | BF1: Trip Start Consent | BG1: Trip End Consent | BH1: Share Trip | BI1: Total Trip Delay | BJ1: Running Time | BK1: Stoppage Time | BL1: Stamp Time | BM1: Toll Count | BN1: Driver Name(Stamping) | BO1: Driver Mobile | BP1: Route Name | BQ1: Trip Closure Type | BR1: Trip End Time | BS1: Return Time | BT1: BRAND | BU1: Product Name | BV1: REC MOBILE | BW1: Shipment Number | BX1: Transporter Code | BY1: Transporter EMAIL | BZ1: Transporter Number | CA1: Division | CB1: REC NAME | CC1: DRIVER NAME | CD1: INVNO | CE1: Delivery Number | CF1: Unloading Point | CG1: ROUTE DESC | CH1: Invoice Time | CI1: ROUTE | CJ1: Quantity | CK1: CATEGORY | CL1: GRCODE DES | CM1: FORM | CN1: Trip AddTime | CO1: Trip Duration | CP1: Destination Actual Location | CQ1: System Destination Proximity Hit | CR1: System Destination Proximity Start Time | CS1: System Destination Proximity End Time | CT1: System Destination Proximity Detention | CU1: System Deviation Radius Start Time | CV1: System Deviation Radius End Time | CW1: System Deviation Radius Detention | CX1: System Deviation Radius Max Halt Dur | CY1: All Tracking Mode | CZ1: Transportation Zone
C2: =IF(OR($AA2="Stamp Verified",$AA2="High Confidence",$AA2="Low Confidence",$AA2="Rejected"),"Completed","Enroute") -> Enroute
C3: =IF(OR($AA3="Stamp Verified",$AA3="High Confidence",$AA3="Low Confidence",$AA3="Rejected"),"Completed","Enroute") -> Enroute
C4: =IF(OR($AA4="Stamp Verified",$AA4="High Confidence",$AA4="Low Confidence",$AA4="Rejected"),"Completed","Enroute") -> Enroute
C5: =IF(OR($AA5="Stamp Verified",$AA5="High Confidence",$AA5="Low Confidence",$AA5="Rejected"),"Completed","Enroute") -> Enroute
C6: =IF(OR($AA6="Stamp Verified",$AA6="High Confidence",$AA6="Low Confidence",$AA6="Rejected"),"Completed","Enroute") -> Enroute
C7: =IF(OR($AA7="Stamp Verified",$AA7="High Confidence",$AA7="Low Confidence",$AA7="Rejected"),"Completed","Enroute") -> Enroute
C8: =IF(OR($AA8="Stamp Verified",$AA8="High Confidence",$AA8="Low Confidence",$AA8="Rejected"),"Completed","Enroute") -> Enroute
C9: =IF(OR($AA9="Stamp Verified",$AA9="High Confidence",$AA9="Low Confidence",$AA9="Rejected"),"Completed","Enroute") -> Enroute
C10: =IF(OR($AA10="Stamp Verified",$AA10="High Confidence",$AA10="Low Confidence",$AA10="Rejected"),"Completed","Enroute") -> Enroute
C11: =IF(OR($AA11="Stamp Verified",$AA11="High Confidence",$AA11="Low Confidence",$AA11="Rejected"),"Completed","Enroute") -> Enroute
C12: =IF(OR($AA12="Stamp Verified",$AA12="High Confidence",$AA12="Low Confidence",$AA12="Rejected"),"Completed","Enroute") -> Enroute
C13: =IF(OR($AA13="Stamp Verified",$AA13="High Confidence",$AA13="Low Confidence",$AA13="Rejected"),"Completed","Enroute") -> Enroute
... C8865: =IF(OR($AA8865="Stamp Verified",$AA8865="High Confidence",$AA8865="Low Confidence",$AA8865="Rejected"),"Completed","Enroute") -> Enroute
